id,label
6820,Others
6507,Others
1697,Religion
6214,Gender
3145,Gender
117,Political
825,Political
4,Political
6583,Violence
1706,Gender
3120,Gender
2998,Religion
56,Gender
4711,Gender
4545,Gender
6751,Religion
2920,Gender
4555,Others
1810,Others
4268,Gender
850,Political
3416,Gender
2862,Others
6195,Gender
6250,Others
6649,Gender
299,Others
6222,Gender
4538,Others
6038,Geo-political
6414,Political
1,Gender
7267,Others
5675,Political
2424,Political
5532,Gender
7422,Gender
3787,Religion
2151,Religion
4496,Others
7470,Others
1510,Others
4177,Gender
1324,Gender
5159,Political
4650,Others
2167,Gender
2851,Others
3788,Gender
896,Religion
7282,Gender
5024,Others
1540,Gender
503,Geo-political
4612,Political
5180,Gender
2032,Political
4323,Gender
7701,Gender
5852,Gender
2180,Gender
6546,Religion
3892,Gender
64,Others
3765,Religion
1859,Gender
1508,Gender
1126,Gender
3721,Gender
2576,Gender
4244,Gender
3823,Gender
1678,Others
5029,Geo-political
4492,Gender
5834,Gender
3105,Others
1257,Gender
6551,Others
6100,Religion
6776,Gender
2238,Gender
7752,Others
2899,Gender
5050,Others
4099,Others
3858,Gender
71,Gender
2204,Political
2422,Political
5002,Religion
1946,Political
2149,Others
2883,Gender
477,Gender
5995,Gender
4467,Violence
3598,Gender
4163,Gender
4455,Gender
3629,Gender
5705,Others
859,Religion
1134,Gender
1387,Others
6493,Gender
6894,Gender
1709,Gender
1954,Gender
7696,Violence
283,Gender
728,Gender
4180,Violence
2677,Gender
1860,Political
2650,Others
7411,Gender
1402,Political
5296,Gender
4872,Religion
3453,Gender
4449,Gender
3674,Others
3556,Political
2410,Others
7050,Religion
6721,Gender
322,Others
4784,Gender
861,Political
1177,Gender
4938,Gender
640,Violence
600,Gender
7902,Gender
5184,Gender
4404,Gender
7739,Gender
1941,Political
3528,Violence
6238,Political
460,Gender
2457,Political
4550,Geo-political
3645,Religion
3701,Gender
4703,Political
7094,Gender
2038,Gender
3938,Gender
6305,Religion
3303,Political
4138,Others
7633,Geo-political
2174,Gender
6619,Political
7667,Gender
1140,Religion
1700,Geo-political
410,Gender
7289,Gender
2313,Religion
3866,Others
1163,Religion
3186,Religion
4188,Gender
1375,Violence
4976,Gender
268,Gender
497,Others
5004,Religion
6750,Geo-political
1739,Political
4460,Political
3314,Religion
1031,Others
2331,Others
6282,Geo-political
7142,Violence
862,Gender
6458,Political
340,Gender
3157,Political
2823,Political
7635,Gender
5539,Gender
2927,Others
6202,Gender
5971,Gender
6381,Gender
4143,Geo-political
856,Gender
7818,Political
6763,Gender
5325,Geo-political
1172,Political
1554,Others
5473,Political
6161,Religion
5058,Political
3392,Geo-political
7313,Gender
6901,Gender
2201,Violence
5201,Religion
7839,Religion
2871,Geo-political
1927,Political
5695,Gender
511,Political
1616,Geo-political
3616,Gender
1802,Gender
7808,Gender
2455,Violence
3769,Others
1469,Gender
6736,Others
5057,Gender
828,Gender
3113,Political
7043,Gender
6265,Others
4185,Gender
4608,Geo-political
4590,Others
7758,Violence
82,Religion
1735,Gender
6691,Geo-political
4715,Gender
4683,Gender
6744,Gender
4874,Gender
5076,Violence
2166,Political
1524,Gender
1219,Gender
2248,Gender
2074,Gender
3745,Religion
6867,Violence
6249,Political
1803,Political
4873,Gender
170,Religion
3056,Gender
4997,Gender
3730,Gender
1358,Gender
1738,Others
4368,Political
3487,Political
2022,Geo-political
1014,Political
6819,Political
2164,Political
3515,Gender
6682,Others
4527,Political
5530,Political
5583,Political
2445,Gender
16,Others
6536,Religion
6118,Gender
1702,Political
7721,Political
1426,Religion
5492,Gender
1015,Gender
1938,Gender
4187,Political
6415,Gender
6009,Gender
926,Political
3524,Others
7622,Violence
5857,Gender
5667,Gender
2120,Others
5658,Others
4361,Geo-political
7676,Gender
4709,Gender
3236,Gender
1500,Gender
7538,Religion
1381,Gender
5113,Gender
1577,Gender
370,Religion
24,Gender
665,Gender
7894,Geo-political
7432,Gender
6567,Political
265,Religion
4795,Religion
4701,Gender
7133,Gender
2588,Others
2041,Gender
2419,Political
1836,Gender
3255,Gender
7996,Religion
1491,Gender
779,Religion
6388,Gender
6817,Religion
287,Gender
1799,Gender
5704,Others
6786,Gender
1582,Gender
4801,Gender
4627,Gender
2066,Others
3048,Geo-political
2610,Political
5245,Violence
6268,Gender
1268,Religion
928,Political
5379,Geo-political
2322,Gender
2312,Gender
1660,Political
7098,Gender
2054,Gender
7332,Gender
6826,Political
2397,Gender
847,Gender
1327,Gender
510,Gender
3827,Political
6813,Religion
2746,Political
4063,Gender
2486,Geo-political
4584,Religion
2516,Gender
7312,Geo-political
1092,Geo-political
8008,Gender
945,Violence
4604,Gender
3833,Geo-political
6419,Gender
5503,Gender
6322,Others
3257,Religion
6490,Political
7760,Gender
2425,Violence
529,Gender
1251,Gender
6412,Gender
5458,Gender
633,Gender
2104,Gender
3383,Gender
4042,Geo-political
714,Gender
10,Gender
4883,Political
844,Gender
7734,Others
824,Violence
4775,Violence
7188,Gender
2773,Political
1009,Gender
3550,Violence
2652,Political
5559,Gender
4081,Gender
723,Political
5300,Religion
3408,Political
3019,Gender
5382,Gender
7012,Gender
6156,Others
200,Others
2064,Gender
4062,Gender
3106,Gender
4422,Political
612,Political
8026,Gender
6985,Others
4687,Political
827,Violence
